text,dim_labels,sentiment_labels,risk_label,text_length
口味很不错，最喜欢石锅凤爪和清蒸多宝鱼，江西菜和粤菜做得挺好~味道上兼顾了嗜辣和拒辣的人群，请客点菜的时候挺方便。不过这个服务就有点坑人啊，服务员说的包间的最低消费和实际规定不一样！这不就是欺骗嘛~！,0,"1,1,1,1,1,1,1,1",2,100
菜很普通，有点咸，边吃边止不住地喝饮料。上来一个羊排还臭了，就直接退掉了。生意一般般不是我喜欢的那种清淡类型，量倒是还行。,1,"1,0,1,1,1,1,1,1",3,61
这个真的不怎么样，记得以前还好，昨天买的简直是难吃！ 米像没熟的那样，一粒粒，硬硬的！再也不会去买了！ 三文鱼的也不新鲜~闻着有股味道，扔掉了~,"0,1","0,1,1,1,1,1,1,1",2,72
我们现在称之为社区食堂， 一到饭点那个排队景象是蔚为壮观， 有着可与洋快餐媲美的硬件环境--明亮洁净， 最喜欢的是麻婆豆腐1元，烂糊肉丝4元，凉拌金针菇豆牙1元。。。 菜的口味比较大众，随便吃吃家常菜也是挺好， 缺点是，8元的整鱼总是差强人意，要不就是海鱼过腥，要不就是鲫鱼不新鲜。。 6元--8元的红烧菜也会一般，要不就像剩菜要不就是酱油和盐过了头很咸， 6元的鸡汤也不好，明显的味精味，不值。。 总之，开在小区作为家庭食堂，确实方便与民众， 支持中式快餐，希望类似的快餐会在祖国各处遍地开花， 不要再MC、KFC一统天下。。。,"0,1,4,5","0,0,1,1,1,0,1,1",2,265
碰上一群新疆学生聚会，开着喇叭跳舞，非常吵。吃的东西浓重的新疆味，可能就是所谓的正宗吧，酸奶太酸了，勉强喝下去，西红柿拌面就是西红柿炒鸡蛋倒面条上，手抓饭就是烤肉串上的肉剥下来倒在炒米饭上，羊肉腥味非常重。不是很精致,"0,1,2","1,0,0,1,1,1,1,1",1,108
点了条芒果做的炸的鱼，炸的太过了，苦苦的。泰式海鲜煲酸酸的味道还行，就是里面的菠萝不好，不新鲜。咖喱鸡不功不过，鸡肉太老。虾肠是点的最失败的东西了= =又贵又没特色。三星炒米粉还不错。只能说这是一家比较靠谱的店，因为做的不会太难吃，但也不至于让你流连忘返。,"0,1","0,0,1,1,1,1,1,1",2,128
简直是一塌糊涂来形容，，点菜的地方尤其是素菜那里，苍蝇小虫子直飞，，那个菜都是几百年的老产品，不知道老板这个厨师从哪请来的。看来是用心良苦啊，等我们点好菜到包间，竟然没有人带我们去。我们自己一行六个人自己摸着去的。后来问他们领导说是迎宾的那天正好辞职都跑了。你说还笑话。早知道就不要开了。曾经多么辉煌啊?可惜啊，，，，，，，，？？？？？？？？？？,7,"1,1,1,1,1,1,1,0",3,173
意面的味道不错，吃了还会回味~水果茶蛮好喝，只是后面越来越淡......要了个泰国烤鸡肉色拉，都是生菜，而且不新鲜，这样的东西量当然分量大了，一大盆没食欲啊....服务员感觉很懒散，哎要杯水都要半天......,"0,1,5","1,1,1,1,1,1,1,1",0,105
看到电视里面介绍俺家的鱼能吃羊，哈哈 就是烤鱼里面再烧羊肉片，这个蛮清淡的，但是我记得用的鱼是鲈鱼，似乎有点腥不新鲜，番茄味道的，不错！！还点了羊排也不错，不是很擅，还点了个羊肉烩面面条很精到不错，而且我们打了优惠券送的上上签，这个不好吃，毛肚有味道！,"0,1","0,0,1,1,1,1,1,1",1,126
老公生日免单的优惠去吃的，自助餐区食物少的可怜，生鱼片的料汁味道比较重，海鲜不新鲜，螃蟹没法吃。烧烤要单点，龙虾限量一人一只。人很少，特别安静，但并没有觉得环境能有多好，要不是生日想找个地方吃饭，绝对不会想到这里，再也不去了。,"1,2","1,0,1,1,1,1,1,1",1,113
吃的是自助餐。 种类还是比较多的。但是实话实说。。。我们点的几道菜没几道算得上美食的。。。 特别有一道炖蛋加鱼子？难吃啊。。。可能是不太符合我的口味。。。 牛舌蛮不错的~菲力牛排很嫩~ 别的么仁者见仁了。。。 吃好回家拉肚子 百度上搜了一下好像是食物中毒- =蛋疼 不知道是不是不适合吃生的。。。 吃饭的时候服务员老是兜来兜去有点不舒服 可以设一个服务铃嘛,"0,2,7","0,1,1,1,1,1,1,0",3,178
难吃，个小，跟上海吃到的没的比，价钱该贵，那么小一个，底脆的很奇怪，为了脆而脆，也没什么汤汁，那么小一个皮还能这么厚，真绝。点的口水鸡也不新鲜，绝对不会再去了。,"0,1","0,1,1,1,1,1,1,1",2,80
最爱吃的就是三黄鸡了。 小绍兴、振鼎鸡、农田鸡。 以前振鼎鸡里的鸡粥很好吃的，一大碗，只要5角。 现在很久没吃了，估计变质了不少。 怀念当初吃着白斩鸡喝鸡粥的日子啊~,"0,1","1,0,1,1,1,1,1,1",3,83
难得奢侈一下??有购物券 不用过期了??咳在上海都不吃DQ??跑到泰国吃 毕竟泰国比上海便宜一半??只能说难得奢侈一下??少吃 热量高 烦恼啊,"1,5","1,0,1,1,1,1,1,1",1,71
其实在东北，吃肥牛肥羊火锅很常见，随便街边一家肥牛火锅城味道都不比这家查差，味道只能算是一般了，还好肉和菜都很新鲜，连锁店就是这样，人潮涌动，不会有滞留的不新鲜食物。但是用餐环境就不能太过计较了。,1,"1,0,1,1,1,1,1,1",1,98
上次去一朋友那，朋友请我去吃饭。离这家店挺进的就直接过去了。里面的环境很压抑，菜也感觉不新鲜。今天看到他的店，忍不住要投诉下！,1,"1,1,1,1,1,1,1,1",0,63
这家店就在我家小区旁边，方便得很，所以经常去光顾。我常点的是烤羊肉串还有牛蛙锅和羊蝎子锅。 但是很奇怪的是，我每次吃了牛蛙锅都会有一点拉肚子。。。个人觉得可能是肠胃对那里面的辣还不是特别适应的关系。倒并不是因为那个不卫生。,7,"1,1,1,1,1,1,1,0",3,111
我是看了点评网才慕名去的 结果太失望了??环境差 感觉店好烂了 坐下来点了餐后发现竟然有蟑螂 而且不只一只 ==！ 一个餐饮店连基本的卫生都这样 真让人倒味口 炒面一上来 我就无语了 一团团的都粘在一起了 看起白惨惨的 就让人没食欲 朋友点的盖浇饭又太咸??炒的西兰花洗都没洗 上面都是小虫 让人怎么吃嘛 太太恶心太太失望,"0,2,7","0,1,0,1,1,1,1,0",3,161
自选调料是要收费的，5块钱一位。如果是点冬荫功锅底的朋友就没有花这个五块钱的必要了。这是我个人认为的。 这个店的环境还是很好滴，是大厦楼上曾志伟大哥的那个火锅店的风格。因为是新开的，人不是很多。七点多去的，餐厅只有连我们在内的两桌人。哈哈，我喜欢！！所谓的泰式么也就是冬荫功锅底和调料台上几个东南亚口味的东东。 懒得动脑筋，就点了个套餐，没有选98的，选了个138的，它有个很好听的名字，不过我不记得了。两个人吃得很饱还没有吃完，估计三个女生就正好。好喜欢里面的鲈鱼片和粉条！金针菇也挺多的。 饮料点了茅根甘蔗水，38一扎。里面还放了马蹄，味道还不错。下回想来试试酸梅汤，价格一样。 至此，我还是很满意的，定了后天的位子，和姐妹们一起来。但是下面发生的就让我有点不乐意了。 过了9点，服务员一会儿来让我们填个意见表，再过一会儿来问我们要不要添点调料了，因为他们要撤调料台了。再过了一会儿就来叫我们买单，说是管收钱的人要走了。没过几分钟他们居然把我们的灯关了（或者他们的灯坏了）。终于吃不下去了，我走人了。发现八佰伴的电梯也停了，只能坐那个直上直下的电梯到负一楼停车场，再步行出去。,"0,1","1,0,1,1,1,1,1,1",1,490
上次带宝贝猫咪来看病 正好看到隔壁有这么一家店 只是当时没心情吃啊 今天晚饭就是这里解决的 牛肉泡馍还是可以的 只是凉皮十分十分的难吃 下次想试试看盖浇饭,0,"0,1,1,1,1,1,1,1",2,77
家人送的票，灯光舞美都还不错 在里面看过阿星的节目，摇的拍子都坏了不少，节目设置比较囧，比较适合中年消费群体吧 一晃4~5年过去了,"0,1","1,0,1,1,1,1,1,1",1,65
团购区的，说是有那么多菜，团购的就极少，西兰花一共才3个，根本不像团购说的那么好，地方也小，点了几个菜结果服务员忘记了，最后上的豆腐皮还给坏了，让服务员尝特也说坏了，但是坚持说是新鲜的，态度极差，不会再去,1,"1,1,1,1,1,1,1,1",0,102
要的两会套餐，环境不是很好，人嘈杂，一点也不舒服，停车那叫一个麻烦，几乎让人麻烦的流眼泪， 品种还行吧，菜还算精致，鱼生很新鲜的感觉，海参汤还不错，鲍鱼差了些，木瓜炖燕窝还挺好吃的，要是人不是那么多，我还能接受 有种星座花草茶很有意思，我搞了两杯，就是冲不太开，长腿螃蟹不新鲜，而且很咸。 我觉得两个人520块钱的话，其实去别的地方可以吃的很舒服， 因为对环境的不能忍，估计以后不会去了！ 吃了哈根达斯薄荷味的，太让人惊艳了 海鲜一般吧,"0,1,2","1,0,1,1,1,1,1,1",1,218
找中午吃饭的地方，看到这家环境好就进去了，很多人是借地方消磨时光，但是服务和口味实在不敢恭维，点了2份主食每份等了半小时，加起来等了1个小时，毫不夸张！1个小时中把沙拉吃的干干净净，结果上课迟到咯。意面的味道实在很差，连番茄酱都舍不得放很多，饭也不行，晚上拉肚子，不知道是否有关,"2,6,7","1,1,1,1,1,1,1,0",3,139
名过其实了，这么多人说它好。 其实本来也就是一家做的好不错的本地菜馆，但是这么多人说它好，是不是把它宠坏了？ 昨天是第三次去了。第一次觉得好吃，第二次觉得就没那么灵了，第三次就是失望。姜米活鱼炒饭不咋的，芥菜老的要命。 服务么，这家店尽管收你10%的服务费，感觉服务水平和大陆的国营老字号差不多，时不时给人脸色。 价格相比于菜品和环境贵了；性价比不咋的。,"0,1","1,1,1,1,1,1,1,1",0,177
一直觉得肉燕很神奇呀，跟小馄饨一样，但皮子是用肉做的，同利的肉燕很好吃，真想买了带回家，可惜路上时间太长，怕坏了。,"0,1","1,0,1,1,1,1,1,1",1,57
肚子疼得厉害没什么味口 突然想起有一次肚子疼吃了过桥米线就不疼了 所以今天我又来了 人气很旺 随便吃吃还是可以的 但是小心点 别让锅把手给烫伤了 我今天就被烫了,7,"1,1,1,1,1,1,1,0",3,80
原本是想去东莱海上的，因为要等位子的关系，某人又开始不耐烦了，无奈转战别地，可是这个地，这个点能找得到不排队的地方还真是少呀，刚好看到这家比较的空就进去了，虽说是百年老店，可是因为藏得深的关系，人量还是比较的少，两个人点了两个菜一碗面，上菜速度很快，而且菜的味道也要比我想象中的要很多，最爱他家的草头圈子了，大肠的味道绝对是典型的上海菜的味道，搭配着撒过白酒的草头，就算再来一份我都能把它干光。而38元的红烧羊肉煲就有点虚了，一大份的菜里面有三分子二是粉丝，搭着几块小小的羊肉，不给力呀不给力，另外叫得二鲜面还是不错的，面比较的筋斗，汤的味道也不错，总得来说这家的菜还是不错的。但感觉这家餐厅味精放得可能有点小多，吃完了觉得口渴的慌，还有那天吃完我有拉肚子，可是另外那位没有事，所以也说不清楚是自己的问题还是店的问题了。,"0,4,7","1,1,1,1,1,1,1,0",3,360
我是冲着旺池煎包去的，其实是猪肉，不是怎么好吃。担担面味道不错，但是实在是太少，如果你点一碗的话。而且上次去吃感觉吃的东西又少又不新鲜。,"0,1","1,0,1,1,1,1,1,1",1,68
店里空调巨不给力。。只好放弃吃面。。 肉夹馍凉皮套餐+酸梅汤。。。 肉夹馍的饼不给力，肉太少 凉皮有股馊味。。而且都是断成一截一截的……很无语 吃完后果断拉肚子了。。。,"1,7","1,0,1,1,1,1,1,0",3,84
新开的，点了乌冬火锅...第二天拉肚子了- - 里面东西蛮多的，味道真的一般 东西很贵啊....土豆色拉貌似和罗森的味道很像 地方也很小真的不怎么样啊.......,7,"1,1,1,1,1,1,1,0",3,82
看了点评去的，说实话，让人很失望，菜的口味一般，点了四个菜，禅石豆腐没入味，芦荟什么鱼（不记得了）不新鲜，有点臭，石钵牛蛙和口水鸡味道还可以，就是份量太少了，而且上菜超级慢，结帐也慢。,"0,1,4","1,0,1,1,0,1,1,1",1,92
服务生还是不错，收盘很勤快。东西的味道一般般，品种也就这么回事。主要是冲着环境去的，卫生不行，取食物的时候，看到苍蝇在生食区飞舞，蚊子叮在棉花糖上。叫他们煮一份海鲜汤，要酸辣味的，结果弄得不酸也不辣。唉……更烦人的是买单的时候被告知4人能用一张优惠，人多的话要分开结算，真的很麻烦。那个大堂经理就等着我们当场下载优惠券！可是我当初明明看到他们自己的广告单上说连天阁的自助餐根本连优惠券也可以不用的。还好都是熟人，要不然糗大了！,"0,4,7","1,1,1,1,1,1,1,0",3,213
蛋糕的品种还不少，最近月饼上市了也有月饼卖。味道么就像楼下几位说的，重糖重油重口味，开始吃的时候感觉好满足，但是越吃越腻，到最后吃恶心了，几个礼拜都要绕着走。 蛋糕的价格不便宜，乳酪蛋糕一小块就要6块钱了，相比面包的价格又有点太便宜了，很大一个才3，4块 环境不太好，营业员阿姨会威武地挥着苍蝇拍随时将不良分子就地正法,"5,7","1,1,1,1,1,0,1,0",3,159
感觉味道比刚开始的时候强多了，红汤感觉不新鲜，服务员的态度让人很无语，结账时能不能不用一张苦瓜脸甩给客人？其它都还好。,1,"1,1,1,1,1,1,1,1",0,59
这次我决定不话痨了。我只说几句话。价格越来越贵，人越来越多，服务的小姑娘们显然没当过麻麻，面对众多吵闹喧天的孩子厌恶多过亲切（当然这孩子也真的够多的）。。。对家长也没个好声好气的。要是遇到你的卡过期了一天，哈！恭喜你！被她赚到了，怎么也不可能通融的。不过倒是够辛苦，老要拿个抹布擦来擦去的。最近又添了点新设备，孩子挺喜欢去玩的。话说只要能玩，孩子啥不喜欢啊。哎，小时候幸福真简单。长大后简单真幸福。妈呀对不起啊我又说了好几句。,"1,2","1,0,0,1,1,1,1,1",1,213
下午的时候去的，环境真是。。。 偌大的一个店里居然没有空调，服务员还骗我们说有。。。 后来指一指一落地小风扇告诉我们那个就是。。。 而且小风扇也不是谁都能吹到，还得好几桌抢着用，热得不行，呼吸完全不顺畅。。。 杏仁都是潮的。。。你要是回去加热好歹也专业点烤一烤，完全难吃 还有鸡翅。。。真舍得放油啊 最后开发票说发票机坏了。。。 特么的再也不会去了。。。,"0,1","0,0,1,1,1,1,1,1",2,177
第一次去 只是路过和朋友随便进去吃点东西?点了菜半天上不来 好不容易上来了菜里有吃出头发郁闷死了，不过部长挺好马上帮我们换了菜 只是已经没什么胃口了,7,"1,1,1,1,1,1,1,0",3,74
"菜单上的菜少得可怜,卤水,牛肉丸等菜单上根本没有.每天有特价菜. 砂锅鱼头(38)蛮不错,要是能再淡一点点就更好了. 豉椒鱼肚,不新鲜,还是偏咸. 牛肉丸挺弹的,卤水(拼鹅翼的话要贵些)类比较失望,且有只苍蝇一直在卤水区飞来停去. 外卖单没有,只有电话,说是打电话来直接点就好... 晚上有烧烤,比别家都要贵.","0,1,7","1,0,1,1,1,1,1,0",3,155
"新开没多久的店,想到以前吃的海鲜汤酥皮馋的不能行了就去了.进门没有人理,自己拉老公找位置坐下,坐了半天依然没有人理会.一直吼说要点单才跑来人.这里生意不是很好啊,人也不是很多,为什么服务生忙得跟要死了一样……要海鲜汤酥皮,服务生一脸迷茫的问我啥叫酥皮……我刚要解释才猛然意识到居然没有这个菜了.翻了翻菜单,咖啡种类很多,吃的比较少,且价位普遍涨了不止两个挡.老公说就要个意面随便吃吃吧,看旁边台点的牛排不怎样...那就要个意面.. 肉酱意面,脆脆骨,只要了这两个. 肉酱意面先上的,看起来卖相不错,开始拌面的时候发现面不够干...水没有沥干净,严重影响口感.且肉酱没有什么味道.淡且无味,连番茄酱味也吃不出,怎会这么红……严重怀疑是不是用了什么廉价调料…… 脆脆骨,大失败!!!就是成品串好的鸡脆骨串油炸的,吃了两口老公就放下了,说吃起来蛮恶心的味道,我尝了下...这个油有问题,并且炸好的肉串也没有洒任何调料就这样端上来. 唉唉...没有要咖啡,估计这种地方的咖啡也不会怎样. 最后总结:一流的价格,二流的环境,三流的服务,四流的口味. 以后应该也不会再去了.性价比太低鸟...吃到老公拉肚子……","0,2,6,7","1,1,1,1,1,1,1,0",3,499
昨天表弟的婚宴在那里请的。。。 菜式很一般，味道一般，明虾和螃蟹不新鲜都不敢给宝贝吃。扇贝还好，但是没入味，宝贝的嘴很挑，不要吃，只吃了最后的蛋挞。。。。。 老鸭汤说好听一点就是清爽，难听一点就是不知道熬了几遍，连里面的鸭汤味道都没了。。。。。。,"0,1","1,0,1,1,1,1,1,1",1,123
为什么那么多人给好评？ 我去过一次真心觉得很一般。 朋友想吃所以去的，为了不等位还特地5点钟就去了，被要求只能吃2个小时，还要和人家拼桌。 东西都这个价格了不新鲜人家还不砸场子呀，不过没有让我觉得很激动的好吃。 服务员态度非常差， 我要求打包带回去给老公吃的寿司等了无比久 。 以后不会主动去的反正,"0,1,3","1,0,1,1,1,1,1,1",1,149
第一次的感觉如下： 1、老板娘热情的——“我就像那冬天里的一把火”，乖乖，她会很体贴地问你：“怎么那么晚吃午饭，肚子要饿坏了”；你吃完后，她又会问：“拌饭辣不辣”。 2、这里韩国留学生暴多！！！我去的时候碰到不少韩国青年在噶三胡，嘿嘿。 3、所有价格后面加个“万”，所以今天我老妈问我吃个牛肉拌饭要多少米？我就很牛地回答——20万~~~~哈~~,"1,3","1,0,1,1,1,1,1,1",1,172
来这家吃过四五次饭了?面确实好吃 元旦这天带朋友过来?点菜的时候服务员就有点二? 说话好难听?吃了一会 有一道菜有头发? 叫经理?说这道菜给我们按八折? 真是可笑??其中那个之前点菜时的服务员?滴滴咕咕的 说这说那? 这次我们算是领教了? 再不会来了。。。,"0,7","1,1,1,1,1,1,1,0",3,128
不好不好，九月份买了一次，不知道是不是天热的关系，一口咬下去就感觉不新鲜，一盒都扔了。唉，还是怀念台湾的丸子类小吃啊。。。,1,"1,1,1,1,1,1,1,1",0,61
有多么难吃就能多么难吃.. 酸菜锅..什么了个东西哦 青玉很不新鲜的感觉 不喜欢绝对不喜欢 牛肉羊肉也不新鲜感觉又点味道 啤酒.假的一刚 喝上就上头!!,"0,1","0,1,1,1,1,1,1,1",2,76
附近没什么好吃的，感觉这个连锁的可能干净点吧  中午人多的时候很忙，服务员都忙不过来 菜的口味一般般，面条不好吃不入味，原来5.8的鸡骨酱面加一块素鸡涨到了8块，有次素鸡发霉了！！！恶心 还可以的估计就排骨年糕了，排骨挺大的,"0,1,2,6","1,0,1,1,1,1,1,1",3,112
点了两碗拉面 还有寿司 一份油炸的鸡肉 觉得拉面的汤汁比较好喝 面没什么特别的 里面的肉感觉也不怎么好吃 炸的鸡肉觉得不新鲜 寿司是三文鱼的 可能是不太喜欢吃生的东西  觉得味道怪怪的 很难再去下一次了、、、,"0,1","1,1,1,1,1,1,1,1",0,104
其余的不说，成都人是挑剔味道的，那平庸的味道，连普通的苍蝇小馆子的味道都赶不上，是提倡健康，不用啥潲水油，但味道呢，简直比我自己做的都不如，毫无特色，看起到是小蝶小盘卖相还可以，也就只能看了，觉得性价比太低了，连斜对面的一碗面都敢不上，2荤1素吃了68，但却没有吃饱，因为不能勉强吃自己不喜欢的食物，对味道注重的朋友，我建议千万不要去，实在走到那了，移哈你的玉步隔10米旁边有家一点味，20元以内一个人可以吃饱吃好，而且觉得物有所值口感适中，并且不会因为食物影响你一天的好心情！！！最后说句小炒肉就是豆腐干片片加点青椒的回锅肉，肉扁的不干，吃起不香，分量很少，而且是随便哪家都可以炒出他家那的味道的一道菜，吃了失望至极，估计分量也只够一位男士的，总的说被烧卷了！！！,7,"1,1,1,1,1,1,1,0",3,333
和朋友去那里吃的晚饭，生意的确是不错，可服务实在太差，服务员像个没头苍蝇一样的到处乱晃。上菜速度爆慢，等我们吃完了，三杯鸡和葱油饼也没上。催了三次后提出退掉，竟然菜上来了！在执意要退后，服务员嘟囔了一句“这个菜我自己买单了要”貌似是说给我们听得。 菜的味道一般，不明白为什么人这么多，难道就是因为便宜吗？,"0,4,5,7","1,1,1,1,0,1,1,0",3,152
上次吃的招牌菜，剁椒鱼头，鱼不新鲜，有股味儿。点了鳝鱼也是同样。不爽，不过大堂经理还是免了鱼的钱，那时候刚刚新开展，可能菜品处理上有些问题也是正常的，不过坏了兴致，没有再去吃过...,1,"1,0,1,1,1,1,1,1",1,91
大学时一直是傣妹的粉，陪伴着度过了四年。一直以为北京没有的，晚上一查居然有！那个兴奋！赶紧去吃，很失望！沙茶没有了，花生酱像快坏了，芝芝麻酱还行，菜不是很新鲜，感觉不好，不然在南方吃的好，哎，也许在北京没人认可吧，大家还是喜欢去呷哺，其实傣妹更实惠啊！但是就是衣服会很有味道！如果傣妹像南方一样就好了，北京这家感觉一般，很一般，不过菜，酱什么的都比南方便宜。希望傣妹更快的打开北方的市场！,"1,4,5","1,1,1,1,1,1,1,1",0,194
"服务态度极差,就是一无赖,饭菜里面有头发和指甲,超恶心,千万别去,老板和服务员全是无赖,结帐时多算钱,去了就上当受骗",7,"1,1,1,1,1,1,1,0",3,58
我晕。居然这么多人说好吃。 你们有没有真正去吃过啊，盖浇饭那浇头比小摊贩的都要少。 今晚去点了个黑椒牛柳盖浇饭，那牛柳就6，7根。。。 我看着点了盖浇饭的消费者们拿起调羹拌饭吃。。。我就无限的伤感。 怎么说永和大王也有了 永和 2个字。。 太差劲了。半个蛋，包菜丝丝。加上所谓的浇头 他家的盖浇饭千万不要吃，谁吃谁后悔。、 另外河西中影那一块还没有开发起来，家乐福旁边就这一家吃的。。。所以- -将近吧，下次再也不去了。 另外 这个店没有空调??苍蝇比较多??很热??就这样 今天吃的一肚子火,"0,7","1,1,1,1,1,1,1,0",3,246
南京最差的火锅城，吃的都觉得恶心，环境很差很乱，地方拥挤杂乱，油烟味道非常的重，论吃的，实在是品种少，素质不高，而且肉片非常不新鲜，颜色看上去就不对，挂羊头卖狗肉的地方！ 吃不完更可耻的事是要另外收费，倘若吃住病是你们买单还是我自己买单！态度极度恶劣，世纪缘也好，邦贵也罢，还不如傣妹假的很真！,"1,2","1,1,0,1,1,1,1,1",1,147
很著名的清真店。 店面不大，只有两个中年女服务员。 因为卖的东西不多，所以除柜台外还空着一些地方。 主要卖一些小点心类，小饼干、酥类等等。论斤卖，十几、二十元一斤。看不去不是很新鲜的样子。 还有些牛肉、羊肉、鸡肉之类的熟食制品，都是成袋包装好，价格也不便宜。 近中秋节了，有月饼卖。 看过人气美食的介绍，说它家有种京式月饼，评价挺高的。 好象共有三个品种，椰丝、枣泥、豆沙的，都是3元一个，比王家沙的便宜。 选了一个枣泥的。 这种月饼的饼皮没什么油，有些干，不过有些奶味。可能不新鲜，显得有些硬。 枣泥也不新鲜，没有想象中那么香，枣味较浓，偏甜。 不新鲜的月饼都不会好吃。 又上了人气美食的当了。,"0,1,5,6","1,0,1,1,1,0,1,1",1,298
特地一早来评，因为肚子还在痛，两个人都吃坏了，海鲜严重不新鲜。。。。真搞不懂为什么这么多人会说好，而且口味真的也很一般，要不是离家近..绝对不会发生这次失败的尝试了。,"1,7","1,1,1,1,1,1,1,0",1,83
只在网银中心吃过几次呷哺呷哺，还是因为那时男友在那边上班才去的。 非常经济实惠的小火锅，而且网银店参加8折优惠，还是很实惠的。每次都要点个牛羊肉拼盘和蔬菜拼盘，墨鱼丸和虾丸相比我计较中意墨鱼丸~还有红薯土豆是我的最爱~再点写饮料什么的就差不多够吃了。小料不错，很好吃，闲鲜都刚刚好，每次都要再来一袋。 有一次吃辣锅吃到一根头发，店里送了一盘土豆，加了半盘羊肉~,"0,5,7","1,1,1,1,1,1,1,0",3,180
这个店真的很差，且不说蛋糕做的样式很难看，用料也很少，工作间居然还能看见苍蝇...真的很垃圾..以前就在金凤呈祥的小甜点里吃出过小虫子，这次换了个店结果还是这样，看样子整体都很差。,7,"1,1,1,1,1,1,1,0",3,90
人均低是我和唐先生那天均胃不舒服，上次去吴江路店和joe两个女孩子就吃掉280左右，金桥店的服务员都很nice。但是东西都感觉不新鲜。金枪鱼颜色好暗沉啊，最主要这家店的米饭都很松散，口感非常不好。最好吃的还是等了很久的海鲜粥，和合点不是一个档次的，以后不会再去了。,"0,1,2","1,0,1,1,1,1,1,1",1,132
在搜秀看完电影 实在没的吃就去品奇了 晚上还排队呢 还好我们坐在了靠窗的位子 很满意呵呵 对于尤为爱cheese的我 当然是选择了新出的芝士之旅套餐 看上去还不错的样子 谁知沙拉上来我和老公顿时就没了食欲，全都是菜帮子和大菜根，几乎没有酱，分明是糊弄人的 叫来值班经理还解释说就是这样的 殊不知我们在必胜客干懂得多多 一再坚持下换了份鸡翅 没想到一会儿又在汤里喝出了头发 这次直接放一边了 懒得再找她们了 pizza也就那么回事儿吧 不是做广告跟必的就是没法比,"0,7","1,1,1,1,1,1,1,0",3,230
人气不错的一家店。 桌子很小，感觉有点局促，菜点多了，桌子上都没地方放。 入座时提供免费大麦茶。 本来常去去的，后来一次煎饺里面吃到了根头发，就没了再去的欲望了。,"0,7","1,1,1,1,1,1,1,0",3,81
同事聚餐，家庭小聚都还不错，楼上包间的环境都不错，就是夏天的空调不给力啊，进去之后觉得闷得慌，冬天也是，里面的空气不新鲜，菜就是那种大众菜，当然也有特色菜，烤鸭挺便宜的，有鸭子票，记得是吃够多少钱送的，果盘原来去都是可以送的，现在都要花钱了，过生日的好去处，给免费拍照，专业人士帮你现场冲洗出来，但是只有三张，如果想把电子版的考走还要但花钱，原来还送生日蛋糕呢，现在也只是能给打折了，还有就是如果晚上去要尽量早点把该点的菜都点齐了，不然厨师们就下班了，估计到了九十点钟就不会再做菜了，帐也提前都结清了，人家的规定嘛，没有办法，喜欢那的粉蒸肉，每次必点，肥而不腻，和小馒头一起吃，还有下面的麻辣烫，麻辣感十足，还有一品菠菜，虽说是凉菜，但是相当清口，每周六还是周日还有美人鱼表演，如果你够幸运的话还可以看见。本人觉得顺义比较有名的有大众的饭馆可以首选这里了，当然还可以吃完饭后去旁边的J9唱会歌，顺义的娱乐项目就已经让你玩了一大半了……,"0,1,5","1,0,1,1,1,1,1,1",1,417
和朋友一起去传媒大学办事，出了西门，小街很热闹，但基本没有像样的饭馆，这家还算整洁，人也不少，年轻学生比较多，就进去了。看菜单是湘菜，价格不贵，4个人要了2个凉菜，一个干锅，一个汤，一份炒饭。 ??????先上的芥末鸭掌，我没吃，朋友反映不太好。正说着，居然炒饭上来了，浅浅一盘，难怪刚才服务员问我们是不是要4份。尝了一口，很咸，味精也没少放，还放了胡椒粉，看来厨师口重得很。盐水鸭肝上桌，颜色灰绿，也很咸，明显不新鲜。干锅虾还好，我不太能吃辣，尝了两个，算是正常吧。最后上的排骨海带汤，摆上桌看不见肉，打捞一下，发现不到两厘米见方的肉骨头7、8块，应该是腔骨，不是排骨，味道也是盐、味精、胡椒粉的高浓度混合版。此时，东西吃光，3人还在喊饿，又加了3碗饭、一个宫爆鸡丁。饭是小钵的，宫爆鸡丁居然满眼绿油油的黄瓜丁，味道真是很食堂。最后结帐110。 ??????出门特意看了一下他家的牌子，是仁和餐厅的北厅，南厅在隔壁，貌似刚倒闭。回家上网一查，主要是周围的学生来吃，所以价格低廉，但这味道实在和食堂差不多，难不成现在大学食堂的饭更难吃了？,"0,1,2,5","0,0,1,1,1,1,1,1",2,469
真是不好吃啊，锅底没有味道，羊肉感觉不新鲜，再也不会去吃了，哎，失望。没开之前一直等着它开张，没想到竟然是这么难吃。,"0,1","1,1,1,1,1,1,1,1",2,58
每次走到这里都排很多人，春节期间跟朋友去以为不用等位，没想到还是人很多。 打定主意就拿了号排队，叫好速度还是很快的，后来才知道原因 满满几大页食物，让我这有选择障碍的人实在挠头 按点评的网友推荐选了几个，杨枝甘露，芒果班戟，还有拼的芝麻糊 说实话没吃出杨枝甘露和班戟比其他地方的甜品有什么特殊，芝麻糊还是挺满意的，很细滑 照理说吃甜品是个享受的事儿，可是人一多了破坏了不少气氛，坐我们邻桌的从点单到吃完出门也就十几分钟的样子 我跟朋友是逛累了想吃个甜品休息下，结果刚吃完服务员就过来问我们是不是吃完了 原话不记得了意思就是讲说只有吃东西才可以坐在这里，我们吃完了就不能坐着了 其实我也理解外面等位的人很心急，但是作为服务业是不是应该以服务为先 出了这样的状况，生意太好地方不够，应该是老板该想办法扩充场地，把吃完的客人轰走实在让我消费的不爽 大家消费不就图个心里痛快嘛，一次不好的经历，还排队，以后还是不去了,"0,1,4","1,0,1,1,1,1,1,1",1,404
是我的口味与大家不同呢？还是那些好评是刷的？ 这个店，宽敞吗？门还是坏的。 东西吃起来感觉很不新鲜，我觉得我不会再去吃第二次了。,"1,2","1,1,1,1,1,1,1,1",0,64
在对面IOU整头发，所以叫了这间外卖。 吃的是很多人推荐的五宝云吞，首先分量真的很小一份，而且这个价钱感觉性价比很一般。好吃的云吞面家也不止它一家，也没那么贵。 而且感觉有点名过其实，五宝其中一宝小鲍鱼云吞，韧得不得了，其他也只是不过不失。,"0,7","1,1,1,1,1,1,1,0",3,120
牛肉丸还可以，但作为正宗的潮汕人还是不能满意。 羊肉和牛肉都不新鲜，而且牛肉有股羊肉的骚味。 服务很差，我们问服务员说这个牛肉怎么又股骚味，他说：“我怎么知道。” 环境一般，不是很干净。,"0,1,2,6","1,0,1,1,1,1,1,1",1,93
"想要烟熏三文鱼水波蛋,但是周一到周五没有这道菜 虾仁牛油果色拉.....不谈了,竟然都变质了,臭臭的 店家推荐的牛排汉堡,看上去很厚实阿,味道还可以,就是牛肉有点散,口感一般,不公不过吧 薯条+墨西哥辣椒酱的味道很对我胃口","0,1","1,0,1,1,1,1,1,1",3,111
海鲜这玩意季度两极化，要么是便宜的好吃拉肚子，要么是贵的超有品位。新港海鲜应当属于后者。最喜欢这里做的龙虾两吃。刺身，清脆爽口，煲粥 ，圆润鲜香。,"0,5,7","1,1,1,1,1,1,1,0",3,73
在大椰丰吃饭中毒啦。昨晚吃了那里的新菜，木耳蒸新鲜黄花菜，一桌人都吃倒了，一出门口就开始反胃，到家就上吐下泻，后来才想起来，可能是黄花菜中毒。大椰丰的师傅水平极低，居然不知道新鲜黄花菜很容易中毒，还拿出来做菜谱，酒楼也极其 不负责任，居然无人REVIEW菜谱，这样很容易吃死人的，正常人吃30毫克就会中毒死。太可怕了。提醒大家千万不要吃，以后到酒楼也不要吃什么新派菜式，因为师傅水平真有限。如果这种事情发生在国外，可以告到酒楼破产。,"1,7","1,1,1,1,1,1,1,0",3,216
环境我不知道是说旧好还是说脏好。进门就闻到异味，虽然很味道不大。 点的菜中除了一份炒饭颇有鄙人大学时期常在校门外一家苍蝇炒饭店的味道而外，其它都极其一般，而且卖相不佳。 服务很一般，服务员属于那种叫一下动一下的，也不怎么客气。 只去过一次，也只点了几个菜，去的时候中午，没有看到表演。也许晚上这里会更有气氛。就说这么多吧，希望店家努力改进。,"3,7","1,1,1,1,1,1,1,0",3,170
2010年的最后一餐晚饭，谢谢最亲爱的人。我们在一起经历了太多美好。新年的套餐没有选择，1000多一位的套餐着实把我心疼坏了。但是满盘珍馐真的是货真价实啊，最后上到甜品，亲爱的说拍张照片吧，实在吃不下了哈哈。主菜牛扒永远是我的爱，沙拉和餐前面包依旧美味，汤也是那么味道适中。最爱的甜品，据说有几款是米其林推荐，我瞬间又不行了，没起子哈哈。屋内的火炉，新年的气氛浓烈，各种面具。餐后两个人冒着飓风走向室外平台，美丽的前门夜景。夏天一定更有味道。和对的人在一起永远是幸福的,"0,1","1,0,1,1,1,1,1,1",1,234
"这边应该算是临时去的吧,不过还是事先让朋友给我电话预约了下 头发看不下去了,于是乎最近打理频率变的高了 正好有聚会,顺便也做一下造型来的 离舅舅家好近哦,交通还比较方便的呢 之前去过其他地方的，这边是新开的，还是比较放心地 找了事先约好的斌斌，告诉了下大概要求 护理我是肯定要做的啦，还是欧莱雅 刘海还是木有改，哎哎哎，还是继续留段时间吧 后面头上上次没怎么修，这次稍微修了下 斌斌还是比较仔细的，说现在这个长度比较尴尬 然后我强烈要求弄造型，正好晚上饭局啦 而且服务态度超级好的呀 效果出来还是很满意的，可以考虑下次再来的",7,"1,1,1,1,1,1,1,0",3,262
做生意要以不变应万变的，何况是服务行业？ 团购后打电话过去，想预约双休的，因为平时要上班的。被告知4月底之前全部约满。 让我平时去拍，我再三说了1-5因为要上班的，接电话的小姑娘竟然让我请假去拍，又不是拍婚纱照还要特地 请假，难道请假不用扣钱的吗？ 那我说4月底约满了也没办法，那能不能安排5月，我都可以等的，不急的。 接电话的客服就强调说团购的4月 底过期，不能安排后面的。 虽然团购的时间是到4月底为止，但这个也是商家自己定的时间啊~ 做生意要以不变应万变的，何况是服务行 业？?算了，我还是直接退团吧。省的麻烦。 提醒大家以后团购的话一定要事先问清楚商家再团哦~！,1,"1,0,1,1,1,1,1,1",1,285
肉夹馍确实好吃，肉香馍脆，美得很！酸辣粉没的说，料足量多，味道也很好，都是用心做出来的。以前误以为樊家和樊记是同一家呢，樊记确实垃圾，肉夹馍里吃出苍蝇都忍了，汤里也有过！樊家还没这些毛病，很好！,"0,7","1,1,1,1,1,1,1,0",3,97
"近日在他家买了一份排骨饭,吃得我们全家上吐下泻的。以前在他家吃过还可以，没想到这次中奖了，可惜没保留收据单，否则就去法院告它了。请大家多多注意吧~下次买完快餐，一定要保留收据。","4,7","1,1,1,1,1,1,1,0",3,88
20111113更新 ============================== 尼玛三个人吃麻辣烫吃了84元，关键是没点多少，外面最多40元了 尼玛好吃一点也就算了，东西不新鲜，那是啊这么贵肯定吃的人不会多的，东西流转就慢 尼玛这种地方也是一次性的店，如果再来我名字倒着写，尼玛 手机的网线找不到了，看我头五头六的，拍的照片自己无法上传了，这里还没有人传过照片了呢，呜呜～～～～ 昨天去步行街，印象中ＲＡＲＡ说到过这里的麻辣烫，正好自己嘴馋的很，于是欣然前往～～ 这里的麻辣烫做的蛮正规，虽然生意很好等待时间却不算很长，汤底３元，可以在粉丝和鸭血中选择一样，我挑了后者～～ 另外偶还点了香肠，里脊肉，蟹肉棒，金针菇，菌菇等，都蛮好吃的就是价格稍微高了一点，一共１７元～～ 小工的态度真是吓人，生意好了不起啊，要他拿副筷子也死样怪气的，拽个ＰＰ呀，偶根本还不甩你这种人呢～～ 就着吃的会儿，一会有断胳膊的来讨钱，一会有聋哑人还卖餐巾纸，趟８牢啊，赶紧吃好抹嘴走人，呼呼～～～～,"0,1,4","1,0,1,1,0,1,1,1",1,439
跳了快三个月啦，感觉不错，至少在锻练身体的同时还能学点舞蹈。里面的老师都蛮敬业的，前台一个短头发的MM人老好的，学员之间也很融洽，反正就是感觉氛围不错。更衣室，休息室什么的配套设施很齐全，估计应该会继续学下去的,"0,2,4,7","1,1,1,1,1,1,1,0",3,105
吃过港汇的，人民广场的，味道服务都还是可以的，结果有一次去了淮海中路一家，发现菜非常不新鲜，服务员叫上去也没反应。不知道是不是分店开的多了，不同的店水平就不一样了。,1,"1,1,1,1,1,1,1,1",0,82
"这家店刚开了没几个月，正好自己的眼镜坏了，就想着去这配一副。 看到门口的广告有，380,580,780的套餐，就进去了，进去发现这个价格都是球面的镜片，于是加了钱配了非球面的镜片，选的380的镜框，镜片又加了钱配的是可以变色的那种，最后的价格给我打了8折。 那个一个女的经理的态度还不错，但是手下的一个女员工的态度真是不敢恭维，从我一进店门就没发现这个人又什么好脸，而且给人介绍产品的时候也不热情，感觉就是你愿意配不配，感觉员工的培训做的不够好啊 话说说是30分钟可以拿的，结果带散光的要拖几天，然后配的是变色的，整整等了一个星期，这个速度也够可以的，","0,1,3","1,0,1,1,1,1,1,1",1,276
老实说环境大大好过食物，咖喱鸡色拉40元，价格不贵，可是吃了太腻！ 原味鸡（60half，118一只）真不如KFC，那个推荐的墨西哥酱料真难吃，还不如配老干妈吃！ 椰果西米露还不错，但是最后吃出一根睫毛（怎么看不像头发）哎：不堪回首！,"0,5,7","0,1,1,1,1,1,1,0",3,117
油泼扯面好吃，辣椒特别香，  凉皮面筋也挺不错，就是醋放多了点酸了点。 羊肉串太大了，不是很入味 送的炒瓜子特香，很好吃 价格也不便宜,"0,1,5","1,0,1,1,1,1,1,1",1,67
三亚凤凰机场二楼候机大厅的餐厅，去到机场刚好晚饭时间，就只有这间和另外一间小吃店。这家相对坐得舒 服点。在三亚消费了几天之后，觉得这个紫悦餐厅的快餐套餐不算贵了。看餐牌介绍这个还是一个连锁的机场 餐厅，首都机场有一家，觉得应该不会难吃吧。 点了一个酸菜肥肠套餐68块+2元的筷子纸巾费，一个海南鸡饭套餐68块+2元筷子纸巾费，一共140块。 酸菜肥肠套餐，那个配汤，紫菜汤是凉了的，而且喝一口味精味道浓郁。饭，菜都不怎么热的，味道一般。 海南鸡饭，更难吃，鸡肉是微波炉翻热出来的，既不新鲜又不好吃。 总的来说，除了座位坐着比外面舒服外，东西真的不咋地。,"0,1,2,4,6","1,1,1,1,1,1,0,1",2,276
终于过了月饼节了~~可以买鲜肉月饼了 但素但素。。。这个怎么不那么好吃呢。。。 可能是晚上做出来的不新鲜 话说排在我们前面那个男的，买了50个好像。。哇哦。。。。,"0,1","1,0,1,1,1,1,1,1",1,81
第一次来这该店，服务员上菜直接丢在桌子上，连续叫几次服务员没人应，并且其中有道菜里还有头发丝绕在其中,7,"1,1,1,1,1,1,1,0",3,50
有时候家头不开火就去吃饺子~ 这家饺子的东北味儿还是浓厚的，皮厚肉实在，一点也不缺斤少两 还有各种各样的口味供你选择，冬菇啊三鲜啊猪肉啊韭菜啊什么的都挺好吃 还可以来个猪肉炖粉条，不过没吃过正宗的不好评价，感觉味道还挺香，粉QQ的，基本都是肥肉，少许瘦肉，稍微偏油 这家米饭特别不好，硬的要命，又不是去磨牙…… 环境就比较一般了，但比苍蝇馆子要强些 上菜速度确实比较慢，有好几次等了十分钟以上！,"0,4,7","1,1,1,1,0,1,1,0",3,197
12月19日 和情操染好头发出来， 虽然吃了水果还是有点饿， 8点30分，路过快要打烊新镇江， 点了2碗小馄饨，1客招牌小笼共19米。 小馄饨只吃了肉，外圈皮没吃，味道一般般。 小笼现蒸的，汤汁味道自然， 肉比较新鲜，推荐。 我想吃春卷，下次赶早。,"0,1,4,7","0,1,1,1,1,1,1,0",3,124
周日和朋友去爬香山，累的半死人多的要命也没看到几片红叶回来了，在甘家口这边一起吃饭，就去了呷哺呷哺。 去的蛮早五点钟左右，所以没有排位。如大家所知，推荐的是麻酱小料，他家的好处就是可以无限续包，几个人可以点不同的，比如沙茶什么的，然后都可以继续加，呵呵~但沙茶有点油油的，吃一点还不错，不能吃多了。 菜品就是大家熟知的那些啦，羊肉、冻豆腐、宽粉（超级推荐）、藕片、冬瓜、豆皮、金针菇等等，味道都不错滴~ 只是我的肠胃到了秋冬真的比较脆弱，吃了麻辣烫或者火锅回去一定会拉肚子，可是又忍不住不吃辣的~~~唉唉,"0,7","1,1,1,1,1,1,1,0",3,252
没有XX鱼 没有海胆 没有XX螺 没有XX贝 好歹是国庆假期去的 才晚上5点去  好多都没有 晕了 随便吃吃算了 不新鲜 很多寿司盖子都没了 转了好几圈也不收下去  外卖的品种更少了 ~~~~~~~~~~~~~~~~~~~~~~~~~~~~~~~ 和我们拼桌子的一对蛮可爱的,1,"1,1,1,1,1,1,1,1",0,137
去的那天排队的人很长，那服务肯定也好不到哪里去了，但是服务不好的话，菜的质量你要保证啊，哎。。。简直是破坏了我心中的形象，一直觉得这家店是最大的一家，菜式算丰富的了，所以也办了张会员卡用来返利，做好长期去吃的打算，现在看来不行了 每次去，都要吃木瓜炖雪蛤，现在22了，小小的一个木瓜，打开以后，里面的汁水居然还是冰的，明显外面加热里面没加热，跟服务员提了一下，她的建议是再去加热，所以从这里可以看出，这哪里是炖出来的呀，明显就是1加1等于2了 然后是他家的汤包，居然是温的，里面已经干瘪了，没有汤水了，外面的皮也很硬。。。吃了一口，浪费了，一屉有3个呢。。。但是实在吃不下去 牛肉煎饺无功无过，因为前2道菜实在影响了胃口 金针菇肥牛，算还可以，但是也是温的，金针菇一点点，豆腐倒是挺多的 新出的米汁倒还不错，算是有点新鲜感，有点厚，一壶没几口就没了，2个人，要点2壶 积了很多分，下次准备去吃两碗米线用掉算了，哎,"0,1","0,0,1,1,1,1,1,1",1,406
团购券快过期了 不能浪费 今天和朋友去吃了 胡萝卜蛋糕的确味道不错‘ 上面一层酱酸酸的，有种很熟悉的味道  下面的蛋糕也不是很甜 里面还有核桃仁呢  感觉很营养啊哈哈 店里老外好多 很多带着IPAD来玩的 呵呵 环境还是很舒服的  对了 cheese蛋糕味道不怎样 味道不浓,"0,1,2,4","1,0,1,1,1,1,1,1",1,137
"第一次去吃是朋友請的，點了二個小火鍋(份量很足女生吃不完)、泰皇炒饭(小辣但味道不錯)、海鮮煲飯(海鮮份量很給力)，一边聊天一边吃，大家都飽的同時，吃小火鍋的朋友說""這是什么""，我靠近看，看不太出來是啥，就把調羹拿過來一看，是一隻小小小蟑螂，叫服務員來，服務員一看一臉錯愕也不知要說什麼，我就叫他拿給他們主管看，結果一去不回，過了五分鐘，買單，另一位服務員說xxx元，我回""剛剛那隻蟑螂一進去就都沒下文了""這時才又去找人，回來時說了一句對不起和打九折，錢付了我們也小声說以后不會在來了。在菜裡吃到头发、洗碗鋼絲我不會太生氣看太多了，但是有生命的不明物在裡面真的很惡心。 前幾天吃了某家的漢堡，吃到剩二口時看到肉的中間夾了一小根头发(眼力真好)，拿去給店員看，店員""對不起，馬上幫你換一個""我要的是你的主動的態度而不是被動的。 在外面吃飯就是如此，卫生是最大的問題，自已煮最干淨。",7,"1,1,1,1,1,1,1,0",3,389
去的时候人很少。 服务还是不错的，环境也还可以 只是点的多宝鱼是在是不新鲜啊，很让我失望 其他的都还可以，可能是点菜的问题吧 消费也不便宜，有点小贵 对这家店的总体评价就是一般,"0,1,5","1,0,1,1,1,0,1,1",1,88
这算是青岛的最后一顿正餐了，从石老人的沙滩直接开车过来的。事实上就是一个大排档而已，不过看起来人气很旺。海鲜还算比较新鲜，就是不太习惯这种清淡的做法，总觉得很腥。而且还有东西吃拉肚子了，印象一般般。,"0,1,7","0,1,1,1,1,1,1,0",3,99
在去的路上被告知中午的活动取消，所以该吃谭鱼头。中午人很少，4个人4斤鱼头，涮菜羊肉、千层毛肚、菠菜、豆腐、油豆皮。吃下来味道感觉好像没以前好。 ??鸳鸯锅的锅底，辣的部分，锅底的辣椒、豆瓣、花椒很不新鲜，底料不是很好。吃完我有点担心。 我说的什么意思，你们懂的,1,"1,0,1,1,1,1,1,1",1,131
"太垃圾了,这家69元的自助就是骗人的，菜色极不新鲜。 1、展示柜上的丸子都是面粉，而且一看就是放了很久的，青青肠、鱼豆腐都是干的，一个黄色的肉烧卖是酸的。放粉丝的盒子里的水都臭的，还能拉出丝刚。太恶心了。 2、饮料吧地上都是水，非常滑还有蟑螂到处爬。太恶心了。 3、进店没有服务员，叫了半天才出一个。要点菜也没人，走过厕所的时候发现服务员都在后厨房抽烟聊天。天哪，厨房可以抽烟吗？ 4、最后说他们家的烤肉，牛肉老的咬不动，培根只有咸味，鸡翅小到像鸡尖。节约也没这么节约的","1,7","1,0,1,1,1,1,1,0",3,235
说句实话，几年前奇火锅的味道还是不错的。但这几年不知为何，质量、服务齐齐下降，让人惋惜。 上次请朋友去那里吃，点的毛肚之类一点也不新鲜，年纪大点的人，嚼都嚼不动。说他这个毛肚不太新鲜，服务员就一个劲的辩解（我又不是想你退款，没必要不承认问题嘛） 从此以后，基本上不在考虑去这家吃了。还是怀念这家以前的味道。,"0,1","1,0,1,1,1,1,1,1",1,153
